brand,title,price
Annie's Homegrown,"Organic Grassfed Mac And Cheese 2pk, 4.02 oz",$4.49
Annie's Homegrown,"Deluxe Mac N Cheese Classic, 11.3 oz",$3.99
Banza,"Chickpea Pasta Mac And Cheese, 5.5 oz",$3.99
PASTABILITIES,"Organic Dinosaur Mac 'N Cheese, 10 oz",$5.49
Banza,"Chickpea Shells Mac & Cheddar Cheese, 5.5 ounce",$3.99
Sweet Earth,"Cauliflower Mac And Cheese Bowl, 9 oz",$4.99
Sweet Earth,"Bowl Pizza Mac And Cheese, 9 oz",$4.99
Annie's Homegrown,"Mac And Cheese White Cheddar 2pk, 2.01 oz",$3.79
AMYS,"Cauliflower Mac & 3 Cheese Bowl, 8.25 oz",$5.29
KidFresh,"Wagon Wheels Mac 'n Cheese, 6.3 oz",$3.49
PASTABILITIES,"Organic Under The Sea Mac 'N Cheese, 10 oz",$5.49
PASTABILITIES,"Organic Pasta Ruffles Mac 'N Cheese, 9 oz",$5.49
Boomerang's,"Mac & Cheese, 6 oz",$3.79
Annie's Homegrown,"Mac & Cheese Cheddar Deluxe, 10.8 oz",$5.29
Annie's Homegrown,"Mac & Cheese Broccoli Deluxe, 11 oz",$5.29
Amy's Kitchen,"Rice Mac & Cheese, 9 oz",$3.79
Modern Table,"Classic Cheddar Mac & Cheese, 5.89 oz",$4.19
Banza,"Deluxe Elbows & Cheddar Mac & Cheese, 11 oz",$4.99
Modern Table,"White Cheddar Mac & Cheese, 5.89 oz",$4.19
Beecher's,"""World's Best"" Mac & Cheese, 20 oz",$14.49
Banza,"Chickpea Elbow Mac & White Cheddar Cheese, 5.5 oz",$3.99
Banza,"Chickpea Pasta Mac & Cheese Shells & White Cheddar, 5.5 ounce",$3.99
Beecher's Handmade Cheese,"World's Best Gluten Free Mac & Cheese, 18 oz",$13.99
