brand,price
"Annie's Classic Cheddar Macaroni and Cheese, Pasta & Mac and Cheese, 6 oz",$1.18
"Annie's Shells & Aged Cheddar Macaroni and Cheese, Mac and Cheese, 6 oz",$1.18
"Kraft Original Macaroni & Cheese Dinner, 7.25 oz Box",$0.88
"Kraft Original Macaroni & Cheese Easy Microwavable Dinner, 4 ct Pack, 2.05 oz Cups",$3.78
"Kraft Original Macaroni & Cheese Dinner, 5 ct Pack, 7.25 oz Boxes",$4.50
"Velveeta Shells & Cheese Original Shell Pasta & Cheese Sauce Meal, 3 ct Pack, 12 oz Boxes",$6.48
"Walmart Great Value Original Macaroni & Cheese, 7.25 oz",$0.50
"Great Value Deluxe Original Cheddar Macaroni & Cheese, 14 oz",$1.48
"Velveeta Shells & Cheese Original Shell Pasta & Cheese Sauce Meal, 12 oz Box",$2.98
"Great Value Premium Original Shells & Cheese, 12 oz",$1.48
"Kraft Triple Cheese Macaroni & Cheese Easy Microwavable Dinner, 4 ct Pack, 2.05 oz Cups",$3.78
"Annie's Real Aged White Cheddar Macaroni & Cheese, 4 ct, 8.04 oz",$4.98
Annie's Deluxe Rich & Creamy Shells & Four Cheese 11.3 oz,$2.98
"Great Value Original Premium Shells & Cheese Microwavable Cups, 8 Count",$5.54
"Hamburger Helper, Pasta and Cheeseburger Macaroni Sauce Mix, 13.6 oz",$1.98
"Kraft Deluxe Original Macaroni & Cheese Easy Microwavable Dinner, 8 ct Box, 2.39 oz Cups",$6.92
Cheetos Mac'N Cheese Pasta With Flavored Sauce Flamin' Hot Flavor 2.11 Oz,$0.96
"Kraft Deluxe White Cheddar & Garlic & Herbs Macaroni & Cheese Dinner, 11.9 oz Box",$2.98
"Bob Evans Tasteful Sides Macaroni & Cheese, 2 count, 12 oz",$3.38
"Mac & Cheese, Microwave Meal, 16 OZ Cup (Vegetarian)",$4.97
Annie's Deluxe Rich & Creamy Shells & Four Cheese 11.3 oz,$2.98
"Annie's Organic Vegan Cheddar Macaroni & Cheese, Microwavable, 2 cups, 4.02 oz",$2.48
"Kraft Macaroni & Cheese Frozen Dinner with Breaded Chicken Nuggets & Broccoli, 8.5 oz Box",$2.78
"Kraft Macaroni & Cheese Frozen Dinner with Chicken & Beef Meatballs & Apples in a Cinnamon Sugar Sauce, 8.5 oz Box",$2.78
"Velveeta Shells & Cheese Original Microwavable Shell Pasta & Cheese Sauce, 2.39 oz Cup",$1.32
"Bob Evans Cheddar Ranch Macaroni & Cheese with Bacon, 20 Oz, Pack of 1",$3.38
"Banquet Mega Meals Boneless Fried Chicken Frozen Dinner, 12 Ounce",$2.34
"Velveeta Skillets Ultimate Cheeseburger Mac One Pan Dinner Kit with Cheese Sauce, Pasta & Seasonings, 12.8 oz Box",$2.98
"Great Value Gluten-Free Macaroni & Cheese, 6 oz",$1.28
"Marie Callender's Spicy Buffalo Style Chicken Mac & Cheese Bowl, 11.5 oz",$2.48
"Daiya Vegan, Gluten-Free Cheese, Herbs Macaroni & Cheese, 10.6 Oz",$3.97
"Amy's Frozen Bowls, Chili Mac, Gluten Free, 9-Ounce",$4.17
"Knorr Chicken Pasta Sides No Artificial Flavors, No Preservatives, No Added MSG 4.3 oz",$1.00
"HORMEL Homestyle Meatloaf with Tomato Sauce, 15 oz",$6.28
Lean Cuisine Favorites Five Cheese Rigatoni Frozen Meal 10 oz.,$2.08
Lean Cuisine Favorites Cheese Ravioli Frozen Meal 8.5 oz.,$2.08
Barilla Classic Blue Box Pasta Medium Shells 16 oz,$1.28
"WOLF BRAND Chili No Beans, Chili Without Beans, 24 oz.",$3.12
"Great Value Artisan Crafted Cheeseburger, 12.8 oz",$1.92
Sweet Earth Cauliflower Mac Bowl Frozen Dinner 9 oz.,$3.98
Annie's Deluxe Rich & Creamy Shells & Four Cheese 11.3 oz,$2.98
"Annie's Organic Vegan Cheddar Macaroni & Cheese, Microwavable, 2 cups, 4.02 oz",$2.48
"Kraft Macaroni & Cheese Frozen Dinner with Breaded Chicken Nuggets & Broccoli, 8.5 oz Box",$2.78
"Kraft Macaroni & Cheese Frozen Dinner with Chicken & Beef Meatballs & Apples in a Cinnamon Sugar Sauce, 8.5 oz Box",$2.78
"Velveeta Shells & Cheese Original Microwavable Shell Pasta & Cheese Sauce, 2.39 oz Cup",$1.32
"Bob Evans Cheddar Ranch Macaroni & Cheese with Bacon, 20 Oz, Pack of 1",$3.38
"Banquet Mega Meals Boneless Fried Chicken Frozen Dinner, 12 Ounce",$2.34
"Velveeta Skillets Ultimate Cheeseburger Mac One Pan Dinner Kit with Cheese Sauce, Pasta & Seasonings, 12.8 oz Box",$2.98
"Great Value Gluten-Free Macaroni & Cheese, 6 oz",$1.28
"Marie Callender's Spicy Buffalo Style Chicken Mac & Cheese Bowl, 11.5 oz",$2.48
